artist_name,country,notes
'68,United States,backfilled
(Hed) P.E.,United States,backfilled
...And You Will Know Us by the Trail of Dead,United States,backfilled
1349,Norway,backfilled
13th Floor Elevators,United States,backfilled
220 Volt,Sweden,backfilled
35007,Netherlands,backfilled
36 Crazyfists,United States,backfilled
3weekoldroses,United States,backfilled
40 Watt Sun,United Kingdom,backfilled
7раса,Russia,backfilled
:Of The Wand And The Moon:,Denmark,backfilled
A.A. Williams,United Kingdom,backfilled
Aara,Switzerland,backfilled
Abigor,Austria,backfilled
Aborym,Italy,backfilled
Absu,United States,backfilled
Acid Bath,United States,backfilled
Acid King,United States,backfilled
Acid Mammoth,Greece,backfilled
Adam F,United Kingdom,backfilled
Aerial Ruin,United States,backfilled
Aerosmith,United States,backfilled
AFI,United States,backfilled
Afsky,Denmark,backfilled
Agalloch,United States,backfilled
Agents Of Oblivion,United States,backfilled
Aghora,United States,backfilled
Ahab,Germany,backfilled
Ahmet Sönmezler,Turkey,backfilled
Airbag,Spain,backfilled
Alan Tew,United Kingdom,backfilled
Albert Wenmo,United States,backfilled
Alcest,France,backfilled
Alex Henry Foster,Canada,backfilled
Alice In Chains,United States,backfilled
Alkonost,Russia,backfilled
Alkymist,Denmark,backfilled
All Them Witches,United States,backfilled
Alphataurus,Italy,backfilled
Altar Of Oblivion,Denmark,backfilled
Altareth,Sweden,backfilled
Alyans,Russia,backfilled
Amebix,United Kingdom,backfilled
Amenra,Belgium,backfilled
America,United States,backfilled
Amesoeurs,France,backfilled
Amir Yaghmai,,needs manual review
Amorphis,Finland,backfilled
Amplifier,United Kingdom,backfilled
Andrew McGibbon,Ireland,backfilled
Andrew Stockdale,Australia,backfilled
Andrew Stockdale of Wolfmother,,needs manual review
Andy Stott,United Kingdom,backfilled
Anekdoten,Sweden,backfilled
Angel,United States,backfilled
Angel City Chorale,United States,backfilled
Angst Skvadron,Norway,backfilled
Aniello Desiderio,Italy,backfilled
Anna von Hausswolff,Sweden,backfilled
Annihilator,Canada,backfilled
Anthony Kapfer,Germany,backfilled
Antimatter,United Kingdom,backfilled
Aphrodite's Child,Greece,backfilled
Apostle Of Solitude,United States,backfilled
Aquilus,Australia,backfilled
Arc De Soleil,Sweden,backfilled
Arcanist,France,backfilled
Arcturus,Norway,backfilled
ARKA'N ASRAFOKOR,Togo,backfilled
Armagedda,Sweden,backfilled
Armagh,Poland,backfilled
Armory,Sweden,backfilled
Art,United States,backfilled
Arthur Brown,United Kingdom,backfilled
Arve Henriksen,Norway,backfilled
Arvo Pärt,Estonia,backfilled
Arð,United Kingdom,backfilled
Asenssia,Russia,backfilled
Ashbringer,United States,backfilled
Ashley Barrett,,needs manual review
Ashley Mendel,,needs manual review
Assemble Head In Sunburst Sound,United States,backfilled
Astroqueen,Sweden,backfilled
At the Drive-In,United States,backfilled
At The Gates,Sweden,backfilled
Atheist,United States,backfilled
Atoma,Sweden,backfilled
Atomic Rooster,United Kingdom,backfilled
Atramentus,Canada,backfilled
Audrey Horne,Norway,backfilled
Auktyon,Russia,backfilled
Aura Noir,Norway,backfilled
Author & Punisher,United States,backfilled
Autrest,Brazil,backfilled
Avolia,Indonesia,backfilled
Baba Gnohm,Denmark,backfilled
Baby Woodrose,Denmark,backfilled
Bad Religion,United States,backfilled
BADBADNOTGOOD,Canada,backfilled
Bajka,Germany,backfilled
Bal-Sagoth,United Kingdom,backfilled
Banda Peña Kali,Martinique,backfilled
Bang,United States,backfilled
Bang Gang,,needs manual review
Banshee,United States,backfilled
Barclay James Harvest,United Kingdom,backfilled
Baroness,United States,backfilled
Bathory,Sweden,backfilled
Beak>,United Kingdom,backfilled
Bedemon,United States,backfilled
Before The Dawn,Finland,backfilled
Before The Rain,Portugal,backfilled
Behrosth,Russia,backfilled
Bell Witch,United States,backfilled
Belzebong,Poland,backfilled
Ben Frost,Australia,backfilled
Ben Kenney,United States,backfilled
Bendik,,needs manual review
Benjamin Mørk,,needs manual review
Bernhard Joachim Hagen,Germany,backfilled
Besvärjelsen,Sweden,backfilled
Big Business,United States,backfilled
Billy Idol,United Kingdom,backfilled
Billy Joel,United States,backfilled
Biohazard,United States,backfilled
Björn Olsson,Sweden,backfilled
Black Bile,Cyprus,backfilled
Black Country Communion,United States,backfilled
Black Elephant,Italy,backfilled
Black Hill,Hungary,backfilled
Black Lung,Australia,backfilled
Black Magic,United States,backfilled
Black Rainbows,Italy,backfilled
Black Widow,United Kingdom,backfilled
Blackfoot,United States,backfilled
Blackignation,,needs manual review
Blacko Bandito,France,backfilled
BLACKSHAPE,United States,backfilled
Blackwater Holylight,United States,backfilled
Blanket,United Kingdom,backfilled
Blind Guardian,Germany,backfilled
Blind Melon,United States,backfilled
Blonde Redhead,United States,backfilled
Blood Ceremony,Canada,backfilled
Blood Incantation,United States,backfilled
Bloody Keep,United States,backfilled
Bloody Knees,United Kingdom,backfilled
Blue Öyster Cult,United States,backfilled
Blut Aus Nord,France,backfilled
Bob Clearmountain,United States,backfilled
Bohren & Der Club Of Gore,Germany,backfilled
Bong-Ra,Netherlands,backfilled
Bonobo,United Kingdom,backfilled
Borknagar,Norway,backfilled
Bossa Nova Covers,,needs manual review
Brant Bjork,United States,backfilled
Bravo,Argentina,backfilled
Brendan Perry,United Kingdom,backfilled
Bridge To Mars,Sweden,backfilled
Brooklyn Funk Essentials,United Kingdom,backfilled
Bruce Springsteen,United States,backfilled
Brutus,Czechia,backfilled
Buckethead,United States,backfilled
Budgie,United Kingdom,backfilled
Buena Vista Social Club,Cuba,backfilled
BULLDOZER,Italy,backfilled
Bummified,United States,backfilled
Bunker,Argentina,backfilled
Burning Shadows,United States,backfilled
Burzum,Norway,backfilled
Burzum NEW,Norway,backfilled
Buzzov•en,United States,backfilled
BÜTCHER,Germany,backfilled
Cadaver,Norway,backfilled
Cairiss,United Kingdom,backfilled
Calibre,Ireland,backfilled
Camel,United Kingdom,backfilled
CAN,Germany,backfilled
Candlemass,Sweden,backfilled
Captain,United States,backfilled
Captain Beefheart,United States,backfilled
Captain Beefheart & His Magic Band,United States,backfilled
Captain Beyond,United States,backfilled
Caravan,United Kingdom,backfilled
Carbon Based Lifeforms,Sweden,backfilled
Carla Werner,United States,backfilled
Carlo Domeniconi,Italy,backfilled
Carly Simon,United States,backfilled
Carpathian Forest,Norway,backfilled
Carpe Tenebrum,Norway,backfilled
Cathedral,United Kingdom,backfilled
Catherine Wheel,United Kingdom,backfilled
Celtic Frost,Switzerland,backfilled
Cemetery Skyline,Finland,backfilled
Cendra,Spain,backfilled
Century,France,backfilled
Chained Saint,United States,backfilled
Chaka Khan,United States,backfilled
Charlotte Day Wilson,Canada,backfilled
Chelsea Wolfe,United States,backfilled
Cheryl Ann Fulton,United States,backfilled
Chevelle,United States,backfilled
Chino Moreno,United States,backfilled
Chris Eckman,United States,backfilled
Chris Forsyth,United States,backfilled
Chris Isaak,United States,backfilled
Christian Mistress,United States,backfilled
Christian Scott aTunde Adjuah,United States,backfilled
Christopher McMullan,,needs manual review
Christopher Tin,United States,backfilled
Chromatics,United States,backfilled
Chungking,United Kingdom,backfilled
Cirith Ungol,United States,backfilled
CKY,United States,backfilled
Clark,United Kingdom,backfilled
Cloudkicker,United States,backfilled
Clouds,United Kingdom,backfilled
Coat Of Arms,United States,backfilled
Coco Bryce,United Kingdom,backfilled
Cocteau Twins,United Kingdom,backfilled
Code Orange,United States,backfilled
Coldplay,United Kingdom,backfilled
ColdWorld,Germany,backfilled
Coláiste Árainn Mhóir,,needs manual review
Con Tó Music,Germany,backfilled
Conjurer,United Kingdom,backfilled
Conjuror,United States,backfilled
Conquering Dystopia,United States,backfilled
Control Denied,United States,backfilled
Converge,United States,backfilled
Coroner,Switzerland,backfilled
Cortex,Sweden,backfilled
Cough,United States,backfilled
Counting Hours,Finland,backfilled
cover&covers,,needs manual review
Cradle Of Filth,United Kingdom,backfilled
Crazy Horse,United States,backfilled
Cream,United Kingdom,backfilled
Creedence Clearwater Revival,United States,backfilled
Crippled Black Phoenix,United Kingdom,backfilled
Crosby,United States,backfilled
Crowbar,United States,backfilled
Cruachan,Ireland,backfilled
Cruel Force,Germany,backfilled
Crypt Sermon,United States,backfilled
Cryptic Shift,United Kingdom,backfilled
Cryptopsy,Canada,backfilled
Culpeper's Orchard,Denmark,backfilled
Cult Of Luna,Sweden,backfilled
Cults,United States,backfilled
Current 93,United Kingdom,backfilled
Curta'n Wall,United States,backfilled
Curtis Harding,United States,backfilled
Curved Air,United Kingdom,backfilled
Cynic,United States,backfilled
Cypress Hill,United States,backfilled
Cân Bardd,Switzerland,backfilled
D.I.,United States,backfilled
Daevar,Germany,backfilled
Daft Punk,France,backfilled
Dagný Arnalds,Iceland,backfilled
Daikaiju,United States,backfilled
DakhaBrakha,Ukraine,backfilled
Daliborovo Granje,Croatia,backfilled
Damien Thorne,United States,backfilled
Dan Caine,United Kingdom,backfilled
Dan Fogelberg,United States,backfilled
Dan Swanö,Sweden,backfilled
Danzig,United States,backfilled
Dark Chisme,United States,backfilled
Dark Funeral,Sweden,backfilled
Dark Suns,Germany,backfilled
Dark Tranquillity,Sweden,backfilled
Darkthrone,Norway,backfilled
Daron Malakian and Scars On Broadway,United States,backfilled
Darren Korb,United States,backfilled
Dave Dixie Collins,United Kingdom,backfilled
Dave Matthews Band,United States,backfilled
David Bowie,United Kingdom,backfilled
David Gilmour,United Kingdom,backfilled
Dax Riggs,United States,backfilled
Daylight Dies,United States,backfilled
Days Of The New,United States,backfilled
De Arma,Sweden,backfilled
De l'Abîme Naît l'Aube,Switzerland,backfilled
Dead Can Dance,Australia,backfilled
Dead Congregation,Greece,backfilled
Deafheaven,United States,backfilled
Death,United States,backfilled
Death Angel,United States,backfilled
Death Hawks,Finland,backfilled
Death In June,United Kingdom,backfilled
Deathhammer,Norway,backfilled
Deb Never,United States,backfilled
Dedekind Cut,United States,backfilled
Dee Snider,United States,backfilled
Deep Purple,United Kingdom,backfilled
Deer Tick,United States,backfilled
Def Leppard,United Kingdom,backfilled
Defacement,Netherlands,backfilled
Deftones,United States,backfilled
Dei Farne,,needs manual review
delving,Germany,backfilled
Demented Are Go,United Kingdom,backfilled
Den Saakaldte,Norway,backfilled
Den Stora Vilan,Sweden,backfilled
Denham Audio,United Kingdom,backfilled
Denis Pauna,Croatia,backfilled
Dennis Wilson,United States,backfilled
Der Weg einer Freiheit,Germany,backfilled
Descendants Of Cain,United Kingdom,backfilled
Destinity,France,backfilled
Detestation,United States,backfilled
Devin Townsend,Canada,backfilled
Devin Townsend Band,Canada,backfilled
Devin Townsend Project,Canada,backfilled
Dexter Wansel,United States,backfilled
Dhyana,United States,backfilled
Diane Hidy & Keith Snell,United States,backfilled
Die Apokalyptischen Reiter,Germany,backfilled
Digital Moss,,needs manual review
DIIV,United States,backfilled
DIM,Canada,backfilled
Dio,United States,backfilled
Dire Straits,United Kingdom,backfilled
Disharmonic Orchestra,Austria,backfilled
Disillusion,Germany,backfilled
Dissection,Sweden,backfilled
Dissolved Girl,France,backfilled
DJ DB,United Kingdom,backfilled
DJ Normal 4,Germany,backfilled
Djevel,Norway,backfilled
Dokken,United States,backfilled
Dolphin,United Kingdom,backfilled
Don Caballero,United States,backfilled
Doodseskader,Belgium,backfilled
Doomraiser,Italy,backfilled
Dope Smoker,United Kingdom,backfilled
Doug Spears,United States,backfilled
Doves,United Kingdom,backfilled
Downface,,needs manual review
Dr. John,United States,backfilled
Dr. Know,United States,backfilled
Dr. Shrinker,United States,backfilled
Drab Majesty,United States,backfilled
Draconian,Sweden,backfilled
Dream Death,United States,backfilled
Dredg,United States,backfilled
DROTT,Norway,backfilled
Drudkh,Ukraine,backfilled
Druids Cross,United Kingdom,backfilled
Dusk,Hungary,backfilled
Dust,United States,backfilled
Dzivia,Belarus,backfilled
Dödsrit,Sweden,backfilled
Dødheimsgard,Norway,backfilled
E-L-R,Switzerland,backfilled
e-Love,Germany,backfilled
E.S. Posthumus,United States,backfilled
Earl Greyhound,United States,backfilled
Earth,United States,backfilled
Earthless,United States,backfilled
Earthside,United States,backfilled
Ed Harrison,Australia,backfilled
Eddie Murphy,United States,backfilled
Edge Of Sanity,Sweden,backfilled
Eivør,Faroe Islands,backfilled
Eldamar,Norway,backfilled
Elder,United States,backfilled
Electric Wizard,United Kingdom,backfilled
Elephant Tree,United Kingdom,backfilled
Elisabetta Marchetti,,needs manual review
Elizabad Volkova,Argentina,backfilled
Ellende,Austria,backfilled
Eloy,Germany,backfilled
Elvya,Belgium,backfilled
Elyndrax,,needs manual review
Emma Ruth Rundle,United States,backfilled
Endless Dive,Belgium,backfilled
Enforcer,Sweden,backfilled
Enisum,Italy,backfilled
Enshine,Europe,backfilled
Enslaved,Norway,backfilled
Enthroned,Belgium,backfilled
Entombed,Sweden,backfilled
Erang,France,backfilled
Ereb Altor,Sweden,backfilled
Erykah Badu,United States,backfilled
Esben and the Witch,United Kingdom,backfilled
Eternal Champion,United States,backfilled
Eternal Tears Of Sorrow,Finland,backfilled
Evil Army,United States,backfilled
Evilfeast,Poland,backfilled
Evoken,United States,backfilled
Excel,United States,backfilled
Execration,Norway,backfilled
Exhumed,United States,backfilled
Exuma,Bahamas,backfilled
Eyehategod,United States,backfilled
Faetooth,United States,backfilled
Faience Knife,Russia,backfilled
Fairport Convention,United Kingdom,backfilled
Faith No More,United States,backfilled
Falkenbach,Germany,backfilled
Falls of Rauros,United States,backfilled
Fauna,United States,backfilled
Fear Factory,United States,backfilled
Fen,United Kingdom,backfilled
Fenriz Red Planet,Norway,backfilled
FERNDOM,United States,backfilled
Ferruccio Busoni,Italy,backfilled
Fever Ray,Sweden,backfilled
Fief,United States,backfilled
Fields Of The Nephilim,United Kingdom,backfilled
Fiend Without A Face,United States,backfilled
Final Gasp,United States,backfilled
Five The Hierophant,United Kingdom,backfilled
Fleetwood Mac,United States,backfilled
Fleshwater,United States,backfilled
Fleurety,Norway,backfilled
Flickers from the Fen,United Kingdom,backfilled
Flight,Norway,backfilled
Flowing Tears,Germany,backfilled
Fluisteraars,Netherlands,backfilled
FLY!,United States,backfilled
Flying Colors,United States,backfilled
FM Attack,Canada,backfilled
Fogweaver,United States,backfilled
FolkBeat,Russia,backfilled
Follow Fashion Monkeys,United States,backfilled
Fontän,Sweden,backfilled
Foo Fighters,United States,backfilled
Foreigner,United States,backfilled
Forest of Shadows,Sweden,backfilled
Forming the Void,United States,backfilled
Formloff,Norway,backfilled
Forndom,Sweden,backfilled
Fractal Man,Finland,backfilled
Frank Zappa,United States,backfilled
Fraunhofer Diffraction,Russia,backfilled
Frayle,United States,backfilled
Fred de Boer,Germany,backfilled
Free Whenever,United States,backfilled
Freeways,Canada,backfilled
Froglord,United Kingdom,backfilled
Furia,Poland,backfilled
Fury Weekend,Belarus,backfilled
Fused Trio,United Kingdom,backfilled
Fvneral Fvkk,Germany,backfilled
Gala,Italy,backfilled
Gallower,Poland,backfilled
GAUPA,Sweden,backfilled
Gazpacho,Norway,backfilled
GBH,United Kingdom,backfilled
Gealdýr,Netherlands,backfilled
Gehenna,Norway,backfilled
Genesis,United Kingdom,backfilled
Gentle Giant,United Kingdom,backfilled
Genune,Romania,backfilled
George Martin,United Kingdom,backfilled
Germ,Australia,backfilled
Get Your Gun,Denmark,backfilled
Gevurah,Canada,backfilled
Gilgareth,Germany,backfilled
Glass Beams,Australia,backfilled
Glittertind,Norway,backfilled
Glorior Belli,France,backfilled
Gnostic,,needs manual review
Goat,Sweden,backfilled
GoatLord,United States,backfilled
God Is An Astronaut,United Kingdom,backfilled
Godless Wicked Creeps,Denmark,backfilled
Gojira,France,backfilled
Golden Core,Norway,backfilled
Golden Retriever,United States,backfilled
Gone Is Gone,United States,backfilled
Gorefest,Netherlands,backfilled
Gorilla Biscuits,United States,backfilled
Gouge,Norway,backfilled
Grant Lee Buffalo,United States,backfilled
Gravestone,Germany,backfilled
Graveyard,Sweden,backfilled
Grazhdanskaya Oborona,Russia,backfilled
Green Carnation,Norway,backfilled
Green Lung,United Kingdom,backfilled
Greta Van Fleet,United States,backfilled
Gretchen Parlato,United States,backfilled
Grief,United States,backfilled
Grima,Russia,backfilled
Grin,Germany,backfilled
Gruesome Pledge,France,backfilled
Gruzja,Poland,backfilled
Gryla,Norway,backfilled
Gràb,Germany,backfilled
Guano Apes,Germany,backfilled
Gutter Demons,Canada,backfilled
Hallows Eve,United States,backfilled
Hamferð,Faroe Islands,backfilled
Hanging Garden,Finland,backfilled
Hangman's Chair,France,backfilled
Hania Rani,Poland,backfilled
Hauntologist,Poland,backfilled
Havukruunu,Finland,backfilled
Hayden Bacon,Canada,backfilled
Heart,United States,backfilled
Heavy Load,Sweden,backfilled
Heilung,Denmark,backfilled
heks,Netherlands,backfilled
Helios,United States,backfilled
Hell,United Kingdom,backfilled
Hellhills,Lithuania,backfilled
Helloween,Germany,backfilled
Hellripper,United Kingdom,backfilled
Hewer of Caves,United States,backfilled
Hexvessel,Finland,backfilled
Hidria Spacefolk,Finland,backfilled
High Contrast,United Kingdom,backfilled
High Highs,United States,backfilled
High On Fire,United States,backfilled
High Priest of Saturn,Norway,backfilled
Highlonesome,United States,backfilled
Hills,Sweden,backfilled
Hippie Death Cult,United States,backfilled
Hippotraktor,Belgium,backfilled
Ho99o9,United States,backfilled
hodíla ízba,Russia,backfilled
Holy Fawn,United States,backfilled
Holy Terror,United States,backfilled
Hope Koehler,,needs manual review
Horisont,Sweden,backfilled
Horrendous,United States,backfilled
Horseback,United States,backfilled
Huis,Canada,backfilled
Humble Pie,United Kingdom,backfilled
Hypno5e,France,backfilled
Hällas,Sweden,backfilled
Hüsker Dü,United States,backfilled
I,Italy,backfilled
I AM NOT AFRAID ANYMORE,France,backfilled
I Am Oak,Netherlands,backfilled
I Am Waiting for You Last Summer,Russia,backfilled
I Hear Sirens,United States,backfilled
Ian Gillan,United Kingdom,backfilled
IDLES,United Kingdom,backfilled
Ikon,Australia,backfilled
Ilhan Ersahin,Turkey,backfilled
Illdisposed,Denmark,backfilled
Immolation,United States,backfilled
Impious Vesper,Sweden,backfilled
In Flames,Sweden,backfilled
INDEX III,,needs manual review
Indukti,Poland,backfilled
Inno,Italy,backfilled
Inquisition,United States,backfilled
Integrity,United States,backfilled
Inter Arma,United States,backfilled
Interpol,United States,backfilled
Intronaut,United States,backfilled
IOTUNN,Denmark,backfilled
Iress,United States,backfilled
Iron Lamb,Sweden,backfilled
ISIS,United States,backfilled
Isolation Ward,Belgium,backfilled
Ivar Bjørnson & Einar Selvik,Norway,backfilled
Jack Black,United States,backfilled
Jackson C. Frank,United States,backfilled
Jacob Collier,United Kingdom,backfilled
Jag Panzer,United States,backfilled
Jaga Jazzist,Norway,backfilled
JAGA JAZZIST HORNS,,needs manual review
Jaguar,United Kingdom,backfilled
Jakethehawk,United States,backfilled
Jakob,New Zealand,backfilled
James Brown & The Famous Flames,United States,backfilled
James Douglass,United States,backfilled
James Gang,United States,backfilled
James Luther Dickinson,United States,backfilled
Jari Lindholm,Sweden,backfilled
Jason Newsted,United States,backfilled
Jean-Luc Ponty,France,backfilled
Jellis,United Kingdom,backfilled
Jerry Garcia,United States,backfilled
Jerry Garcia Band,United States,backfilled
Jethro Tull,United Kingdom,backfilled
Jimmy Page,United Kingdom,backfilled
JJ's Powerhouse,United Kingdom,backfilled
Joan As Police Woman,United States,backfilled
Jody Wisternoff,United Kingdom,backfilled
Joe Bonamassa,United States,backfilled
Joe Satriani,United States,backfilled
Johann Sebastian Bach,Germany,backfilled
John C. Williams,,needs manual review
John Jacob Niles,United States,backfilled
John Maus,United States,backfilled
John Norum,Sweden,backfilled
Jon Lord,United Kingdom,backfilled
Jonathan Davis,United States,backfilled
Jonny Diggens,United Kingdom,backfilled
Jono McCleery,United Kingdom,backfilled
Journey,United States,backfilled
Juha Jyrkäs,Finland,backfilled
Jukka Nousiainen,Finland,backfilled
Jules Buckley,United Kingdom,backfilled
Julia Schüler,Germany,backfilled
Julian Lage,United States,backfilled
Julie Christmas,United States,backfilled
Junius,United States,backfilled
Kaatayra,Brazil,backfilled
Kadavar,Germany,backfilled
Kae Tempest,United Kingdom,backfilled
Kal-El,Norway,backfilled
Kampfar,Norway,backfilled
KASPARIAN,,needs manual review
Katatonia,Sweden,backfilled
KATZROAR,,needs manual review
KAUAN,Finland,backfilled
Keep Of Kalessin,Norway,backfilled
Kellermensch,Denmark,backfilled
Kem,United States,backfilled
Kenny Dorham,United States,backfilled
Khemmis,United States,backfilled
Khold,Norway,backfilled
Khonsu,Norway,backfilled
Khruangbin,United States,backfilled
Kick Puncher,Australia,backfilled
Kiev,United States,backfilled
Killing Joke,United Kingdom,backfilled
Kim Wilde,United Kingdom,backfilled
King Crimson,United Kingdom,backfilled
King Dude,United States,backfilled
King Hobo,Sweden,backfilled
King Luan,Australia,backfilled
King Woman,United States,backfilled
Kingdom Come,United States,backfilled
Kingston Wall,Finland,backfilled
Kino,United Kingdom,backfilled
KISS,United States,backfilled
Kitka,,needs manual review
Kittie,Canada,backfilled
Klone,France,backfilled
Konstantin Nikolsky,Germany,backfilled
Krakow,Norway,backfilled
Kreator,Germany,backfilled
Krisu,Sweden,backfilled
Kryptograf,Norway,backfilled
Kultiration,,needs manual review
Kurt Vile,United States,backfilled
kuyaagui,,needs manual review
Kveld,Norway,backfilled
Kvelertak,Norway,backfilled
Kylesa,United States,backfilled
Kylver,United Kingdom,backfilled
Kyuss,United States,backfilled
Kælan Mikla,Iceland,backfilled
Labyrinthus Stellarum,Ukraine,backfilled
Laibach,Slovenia,backfilled
Lake Of Tears,Sweden,backfilled
Lantlôs,Germany,backfilled
Lard,United States,backfilled
Lars Fredrik Frøislie,Norway,backfilled
Lauge,Denmark,backfilled
Laço Tayfa,Turkey,backfilled
Leaf Hound,United Kingdom,backfilled
League of Legends,,needs manual review
Led Zeppelin,United States,backfilled
Leech,Switzerland,backfilled
Legend,United States,backfilled
Leonid Fyodorov,Russia,backfilled
Leprous,Norway,backfilled
Les Claypool,United States,backfilled
Les Discrets,France,backfilled
Lethal Steel,Sweden,backfilled
Lethian Dreams,France,backfilled
LIK,Sweden,backfilled
Lil Ugly Mane,United States,backfilled
Liljevars Brann,Germany,backfilled
Liminal Sky,United Kingdom,backfilled
Linda,United States,backfilled
Linde Lindström,Norway,backfilled
Lindy-Fay Hella,Norway,backfilled
Lizz Wright,United States,backfilled
Lock Up,United Kingdom,backfilled
Long Distance Calling,Germany,backfilled
Loose Change,United States,backfilled
Lost in Kyiv,France,backfilled
Lost Weekend,United Kingdom,backfilled
Lowen,United Kingdom,backfilled
Lowood,,needs manual review
Lucifer,Germany,backfilled
LudoWic,Netherlands,backfilled
Lullacry,Finland,backfilled
Lunatic Soul,Poland,backfilled
Lustre,Sweden,backfilled
Lycia,United States,backfilled
Lyle Mays,United States,backfilled
Lynyrd Skynyrd,United States,backfilled
MACABRE,United States,backfilled
Macbeth,Germany,backfilled
Maceo And The Macks,United States,backfilled
Machine Head,United States,backfilled
Magic,Japan,backfilled
MaidaVale,Sweden,backfilled
Majesties,United States,backfilled
Makthaverskan,Sweden,backfilled
Malokarpatan,Slovakia,backfilled
Mandragora Scream,Italy,backfilled
Manilla Road,United States,backfilled
Manna,India,backfilled
Mantar,Germany,backfilled
Marc Giugni,United Kingdom,backfilled
Marco Biolcati,Italy,backfilled
Marconi Union,United Kingdom,backfilled
Marcus Miller,United States,backfilled
Marduk,Sweden,backfilled
Maria Papadopoulou,,needs manual review
Mariana Semkina,,needs manual review
Marillion,United Kingdom,backfilled
Mark Lanegan,United States,backfilled
Mark Sholtez,Australia,backfilled
Mars Red Sky,France,backfilled
Marshall Law,United Kingdom,backfilled
Marty Friedman,United States,backfilled
Mason Lindahl,,needs manual review
Mason Ruffner,United States,backfilled
MASSIVE HASSLE,United Kingdom,backfilled
Mastodon,United States,backfilled
Mats & My,,needs manual review
Mayhem,Norway,backfilled
Mech,Poland,backfilled
Mekong Delta,Germany,backfilled
Meldamor,,needs manual review
Melvins,United States,backfilled
Men At Work,Australia,backfilled
Mercy,United Kingdom,backfilled
Mercyful Fate,Denmark,backfilled
Meshuggah,Sweden,backfilled
Messa,Italy,backfilled
Mestís,United States,backfilled
Metal Church,United States,backfilled
Metallica,United States,backfilled
Meteor,Colombia,backfilled
Metropole Orkest,Netherlands,backfilled
Mike + The Mechanics,United Kingdom,backfilled
Mikkel Govertz,Denmark,backfilled
Mikko Joensuu,Finland,backfilled
Mikko Kotamäki,Finland,backfilled
Ministry,United States,backfilled
Minor Threat,United States,backfilled
Minsk,United States,backfilled
MINUALA,Russia,backfilled
Miscél,,needs manual review
Misfits,United States,backfilled
Misþyrming,Iceland,backfilled
Mithotyn,Sweden,backfilled
Mizmor,,needs manual review
Molella,Italy,backfilled
Monastery,Hungary,backfilled
Mondo Drag,United States,backfilled
Monkey3,Switzerland,backfilled
Monolord,Sweden,backfilled
Moon Far Away,Russia,backfilled
Moonsorrow,Finland,backfilled
Morax,Norway,backfilled
Morbid Angel,United States,backfilled
Mork,Norway,backfilled
Morke,United States,backfilled
Morne,United States,backfilled
Morphine,United States,backfilled
Motorpsycho,Norway,backfilled
Motörhead,United Kingdom,backfilled
Mountain,United States,backfilled
Mountain Realm,United States,backfilled
Mr. Bungle,United States,backfilled
Mr. Mister,United States,backfilled
Mrs. Piss,United States,backfilled
Ms. Kaplan,Turkey,backfilled
Murmansk,Finland,backfilled
Mutoid Man,United States,backfilled
My Diligence,Belgium,backfilled
My Dying Bride,United Kingdom,backfilled
My Midnight Creeps,Norway,backfilled
My Morning Jacket,United States,backfilled
My Silent Wake,United Kingdom,backfilled
My Sleeping Karma,Germany,backfilled
My Useless Life,United States,backfilled
MyPlaceInYourSpace,,needs manual review
Myrkgrav,Finland,backfilled
Månegarm,Sweden,backfilled
Mötley Crüe,United States,backfilled
MØL,Denmark,backfilled
múm,Iceland,backfilled
N,United States,backfilled
N4m3,Estonia,backfilled
Nadja,Canada,backfilled
Nahemah,,needs manual review
Nailed to Obscurity,Germany,backfilled
Napalm Death,United Kingdom,backfilled
Narrow Head,United States,backfilled
Nash & Young,United States,backfilled
Naxatras,Greece,backfilled
Naïve,Denmark,backfilled
Nebala,Norway,backfilled
Nebula Nine,,needs manual review
Necro Deathmort,United Kingdom,backfilled
Necrot,United States,backfilled
Negură Bunget,Romania,backfilled
Neil Young,Canada,backfilled
Nektar,United Kingdom,backfilled
Nemuer,Praha,backfilled
Nerthus,Austria,backfilled
never easy,,needs manual review
Nevermore,United States,backfilled
neànder,Germany,backfilled
Nicko McBrain,United Kingdom,backfilled
Nifrost,Norway,backfilled
Night Verses,United States,backfilled
Nik Kershaw,United Kingdom,backfilled
Nikonn,,needs manual review
Nils Frahm,Germany,backfilled
Nils Petter Molvær,Norway,backfilled
Nine Covens,United Kingdom,backfilled
Ningen Isu,,needs manual review
Nirvana,United States,backfilled
Nocmar,Poland,backfilled
Norah Jones,United States,backfilled
Norma Jean,United States,backfilled
Norrfjällen,,needs manual review
North Mississippi Allstars,United States,backfilled
Nosferatu,Netherlands,backfilled
Nosound,Italy,backfilled
Nosłeep,,needs manual review
Nothing,United States,backfilled
NOÊTA,Sweden,backfilled
Nuage,Russia,backfilled
Nuclear Assault,United States,backfilled
Nuclear Power Trio,United States,backfilled
Numenorean,Canada,backfilled
Nuovo Testamento,United States,backfilled
NYOS,Finland,backfilled
Obituary,United States,backfilled
Obscure,Spain,backfilled
Obsequiae,United States,backfilled
Ocean of Grief,Greece,backfilled
Oceans of Slumber,United States,backfilled
Ochre,United Kingdom,backfilled
October Tide,Sweden,backfilled
OGRE Sound,United Kingdom,backfilled
Old Nick,,needs manual review
Old Sorcery,Finland,backfilled
Olhava,Russia,backfilled
Oligarkh,Russia,backfilled
OM,United States,backfilled
Omar Rodríguez-López Quintet,,needs manual review
Omega,Hungary,backfilled
On Thorns I Lay,Greece,backfilled
Opal Sunn,,needs manual review
Operation Ivy,United States,backfilled
Opeth,Sweden,backfilled
Opus III,United Kingdom,backfilled
Orange Goblin,United Kingdom,backfilled
Oranssi Pazuzu,Finland,backfilled
Oromet,United States,backfilled
Orphanage,Netherlands,backfilled
Orphaned Land,United Kingdom,backfilled
Overkill,United States,backfilled
Overmono,United Kingdom,backfilled
Ozric Tentacles,United Kingdom,backfilled
Ozzy Osbourne,United Kingdom,backfilled
Paco de Lucía,Spain,backfilled
Pagan Altar,United Kingdom,backfilled
Palantyr,France,backfilled
Palehorse/Palerider,United States,backfilled
Pallbearer,United States,backfilled
Panopticon,United States,backfilled
Panzerfaust,Canada,backfilled
Paradise Lost,United Kingdom,backfilled
Parasite,United Kingdom,backfilled
Part Time Heroes,United Kingdom,backfilled
Pat Benatar,United States,backfilled
Pat Metheny,United States,backfilled
Pat Metheny Group,United States,backfilled
Paths of the Eternal,United States,backfilled
Paul Oakenfold,United Kingdom,backfilled
Pavlov's Dog,United States,backfilled
Paysage D'Hiver,Switzerland,backfilled
Pearl Jam,United States,backfilled
Pelican,United States,backfilled
Penetration,United Kingdom,backfilled
Pentagram,United States,backfilled
Perturbator,France,backfilled
Pestilence,Netherlands,backfilled
Pete Seeger,United States,backfilled
Petlya Pristrastiya,,needs manual review
PFM,United Kingdom,backfilled
Phantogram,United States,backfilled
Phil Jay,Italy,backfilled
Phoxjaw,United Kingdom,backfilled
Phrenelith,Denmark,backfilled
Phurpa,Russia,backfilled
Pinkish Black,United States,backfilled
Pist.On,United States,backfilled
Planet of Zeus,Greece,backfilled
Ponte del Diavolo,Italy,backfilled
Porcupine Tree,United Kingdom,backfilled
Portico Quartet,United Kingdom,backfilled
Potochkine,,needs manual review
Power Trip,United States,backfilled
Powermad,United States,backfilled
Practice-Tracks,,needs manual review
Primal Scream,United Kingdom,backfilled
Primordial,Ireland,backfilled
Prince,United States,backfilled
Probot,United States,backfilled
Prognan,Croatia,backfilled
Protomartyr,United States,backfilled
Proton Packs,Italy,backfilled
Psilocybe Larvae,Russia,backfilled
Psychedelic Witchcraft,Italy,backfilled
Pugh Rogefeldt,Sweden,backfilled
Puke,Austria,backfilled
Pull Down the Sun,New Zealand,backfilled
Pure Reason Revolution,United Kingdom,backfilled
Purple Hill Witch,Sweden,backfilled
Purson,United Kingdom,backfilled
Pyogenesis,Germany,backfilled
Quantic,Colombia,backfilled
Queens of the Stone Age,United States,backfilled
Queensrÿche,United States,backfilled
Quicksand,United States,backfilled
Quorthon,Sweden,backfilled
Rachel Ana Dobken,United States,backfilled
Radio Moscow,United States,backfilled
Rainbow,United Kingdom,backfilled
Raison D'être,Sweden,backfilled
Raketkanon,Belgium,backfilled
Ralph Towner,United States,backfilled
Ram-Zet,Norway,backfilled
Ramones,United States,backfilled
Randy,United States,backfilled
Ranger,United States,backfilled
Rare Bird,United Kingdom,backfilled
Ray Keith,United Kingdom,backfilled
Realm of Wolves,Hungary,backfilled
Red Snapper,United Kingdom,backfilled
Red Sparowes,United States,backfilled
Relapsed,,needs manual review
Release The Long Ships,Hungary,backfilled
Renaissance,United Kingdom,backfilled
Renegade,United Kingdom,backfilled
REZN,United States,backfilled
Riot City,Canada,backfilled
Rival Sons,United States,backfilled
Rivers of Nihil,United States,backfilled
Riverside,Poland,backfilled
Rivulets,United States,backfilled
Robert Barto,United States,backfilled
Robert Fripp,United Kingdom,backfilled
Robert Hood,United States,backfilled
Robert L. Euvino,,needs manual review
Robert Plant,United Kingdom,backfilled
Robin Gibb,United Kingdom,backfilled
Rod Stewart,United Kingdom,backfilled
Rodion G.A.,Romania,backfilled
Roky Erickson,United States,backfilled
Rome In Monochrome,Italy,backfilled
Romuvos,Lithuania,backfilled
Rory Gallagher,Ireland,backfilled
Roxy Music,United Kingdom,backfilled
Roy Henning Snyen,,needs manual review
Royal Philharmonic Orchestra,United Kingdom,backfilled
Rush,Canada,backfilled
Ryan Adams & The Cardinals,United States,backfilled
Sabïre,Australia,backfilled
Sacri Monti,United States,backfilled
Sade Adu,United Kingdom,backfilled
Saimaa,Finland,backfilled
Saint Vitus,United States,backfilled
Sakis Tolis,Greece,backfilled
Salem's Pot,Sweden,backfilled
salvia palth,New Zealand,backfilled
Sam Gopal,United Kingdom,backfilled
Saor,United Kingdom,backfilled
Saracen,United Kingdom,backfilled
Sarah McLachlan,United Kingdom,backfilled
Sarah Tandy,United Kingdom,backfilled
Saturnus,Denmark,backfilled
Satyricon,Norway,backfilled
Saudade,,needs manual review
Savatage,United States,backfilled
Saxon,United Kingdom,backfilled
Scorpions,Germany,backfilled
Screammet,,needs manual review
Sean Angus Watson,,needs manual review
Sean Ono Lennon,United States,backfilled
Sebastian Hardie,Australia,backfilled
Selda Bağcan,Turkey,backfilled
Sentinel Beast,United States,backfilled
Sepultura,Brazil,backfilled
Sergej Bezrodny,Russia,backfilled
Seth,France,backfilled
Seth Chapla,United States,backfilled
Seven Sisters,United Kingdom,backfilled
Sexy Suicide,Poland,backfilled
Shamall,Germany,backfilled
Shape Of Despair,Finland,backfilled
Shikimo,,needs manual review
Shining,Sweden,backfilled
Shoji Kameda,United States,backfilled
Shooting Guns,Canada,backfilled
Shores Of Null,Italy,backfilled
Shylmagoghnar,Netherlands,backfilled
Sia,Australia,backfilled
Siamese,Denmark,backfilled
SiebZehn,Germany,backfilled
Sigiriya,United Kingdom,backfilled
Sigur Rós,Iceland,backfilled
Silent Island,Hungary,backfilled
Silent Runners,Netherlands,backfilled
Simulacra,Belgium,backfilled
Sinistro,Portugal,backfilled
Sisters of Mercy,United Kingdom,backfilled
Six Feet Under,United States,backfilled
Sjodogg,Norway,backfilled
SKARS,,needs manual review
Skeletonwitch,United States,backfilled
Skepticism,Finland,backfilled
Skogen Brinner,Sweden,backfilled
Slade,United Kingdom,backfilled
Slash,United States,backfilled
Slayer,United States,backfilled
Sleep,United Kingdom,backfilled
Sleeping Pandora,Germany,backfilled
Slipknot,United States,backfilled
Slomosa,Norway,backfilled
Slow Fall,Finland,backfilled
Slowdive,United Kingdom,backfilled
Sodom,Germany,backfilled
Soen,Sweden,backfilled
Sofa Surfers,Austria,backfilled
Solefald,Norway,backfilled
Solitude Aeturnus,United States,backfilled
SOM,United States,backfilled
Songs: Ohia,United States,backfilled
Sorgeldom,Sweden,backfilled
Sort Sol,Denmark,backfilled
Soulfly,Brazil,backfilled
Soundgarden,United States,backfilled
Soweto Gospel Choir,South Africa,backfilled
Space Remedy,India,backfilled
Spaceslug,Poland,backfilled
Spectral Voice,United States,backfilled
SPECTRES,Canada,backfilled
Speedclaw,Croatia,backfilled
Spirit Adrift,United States,backfilled
Spooky Tooth,United Kingdom,backfilled
Stakka,United Kingdom,backfilled
Stalwart,Russia,backfilled
Stangala,France,backfilled
Startled Insects,United Kingdom,backfilled
Stellardrone,Lithuania,backfilled
Steve Vai,United States,backfilled
Steven Wilson,United Kingdom,backfilled
Stevie Ray Vaughan,United States,backfilled
Stills,United States,backfilled
Stone Temple Pilots,United States,backfilled
Storm Corrosion,Europe,backfilled
Storm Weather Shanty Choir,Norway,backfilled
Stormkeep,United States,backfilled
Strawbs,United Kingdom,backfilled
Street Fighter,Germany,backfilled
Styx,United States,backfilled
Sue Fink,United States,backfilled
Suede,United Kingdom,backfilled
Suldusk,Australia,backfilled
Sulphur Aeon,Germany,backfilled
Sumerlands,United States,backfilled
Summoning,Austria,backfilled
Sun Dont Shine,United States,backfilled
Sun Kil Moon,United States,backfilled
Sundazer,Russia,backfilled
Sunglasses Kid,United Kingdom,backfilled
sunn O))),United States,backfilled
Sunny Day Real Estate,United States,backfilled
Superheaven,United States,backfilled
Supertramp,United Kingdom,backfilled
Supervoid,United States,backfilled
Sur Austru,Romania,backfilled
Svalbard,United Kingdom,backfilled
Svanfríður,Iceland,backfilled
Svart Lotus,Norway,backfilled
Swallow The Sun,Finland,backfilled
Sweet Ermengarde,Germany,backfilled
Sweven,United States,backfilled
Sylvaine,Norway,backfilled
Sylvan,Germany,backfilled
Symphony X,United States,backfilled
Sólstafir,Iceland,backfilled
Sölicitör,United States,backfilled
T.S.O.L.,United States,backfilled
Tachanka,,needs manual review
Tales Under the Oak,Germany,backfilled
Talk Talk,United Kingdom,backfilled
Tangerine Dream,Germany,backfilled
Tarot,Finland,backfilled
Tatiana Grindenko,Russia,backfilled
Ted Nugent,United States,backfilled
Teen Erection,Russia,backfilled
Templar,France,backfilled
Ten Years After,United Kingdom,backfilled
Tenhi,Finland,backfilled
tenndril,,needs manual review
Tentosy,,needs manual review
Terry Callier,United States,backfilled
Testament,United States,backfilled
Testors,United States,backfilled
Tevana3,,needs manual review
The Alan Parsons Project,United Kingdom,backfilled
The Atlas Moth,United States,backfilled
The Band,Canada,backfilled
The Birthday Massacre,Canada,backfilled
The Black Crowes,United States,backfilled
The Budos Band,United States,backfilled
The Chronicles of Father Robin,Norway,backfilled
The Church,Australia,backfilled
The Clash,United Kingdom,backfilled
The Claypool Lennon Delirium,United States,backfilled
The Coffin Caddies,,needs manual review
The Coffinshakers,Sweden,backfilled
The Color of Iris,Germany,backfilled
The Comet Is Coming,United Kingdom,backfilled
The Company Band,United States,backfilled
The Cranberries,Ireland,backfilled
The Cure,United Kingdom,backfilled
The Daysleepers,United States,backfilled
The Derek Trucks Band,United States,backfilled
The Devil's Blood,Netherlands,backfilled
The Diasonics,Russia,backfilled
The Dillinger Escape Plan,United States,backfilled
The Dils,United States,backfilled
The Discussion,United States,backfilled
The Electric Psalmon,,needs manual review
The Exploited,United Kingdom,backfilled
The Fall of Troy,United States,backfilled
The Flight of Sleipnir,United States,backfilled
The Flying Eyes,United States,backfilled
The Foreshadowing,Italy,backfilled
The Gaslamp Killer,United States,backfilled
The Gathering,Netherlands,backfilled
The Great Machine,Israel,backfilled
The Great Wight Dread,,needs manual review
The Groundhogs,United Kingdom,backfilled
The Jelly Jam,United States,backfilled
The Kilimanjaro Darkjazz Ensemble,Netherlands,backfilled
The Kovenant,Norway,backfilled
The Lord Weird Slough Feg,,needs manual review
The Lovecraft Sextet,Netherlands,backfilled
The Mars Volta,United States,backfilled
The Mayan Factor,,needs manual review
The Mothers,United States,backfilled
The Mothers Of Invention,United States,backfilled
The Murlocs,Australia,backfilled
The Myrrors,United States,backfilled
The Ocean,Germany,backfilled
The Offspring,United States,backfilled
The Open Mind,United Kingdom,backfilled
The Pilgrim,Italy,backfilled
The Quakes,United States,backfilled
The Quiet Temple,United Kingdom,backfilled
The Remains,United States,backfilled
The Rolling Stones,United Kingdom,backfilled
The Ruins Of Beverast,Germany,backfilled
The Sins Of Thy Beloved,Norway,backfilled
The Smile,United Kingdom,backfilled
The Smiths,United Kingdom,backfilled
The Stone Roses,United Kingdom,backfilled
The Streets,United Kingdom,backfilled
The Sword,United States,backfilled
The The,United Kingdom,backfilled
The Timewriter,Germany,backfilled
The Vast Expanse,,needs manual review
The Ventures,United States,backfilled
The Waterboys,United Kingdom,backfilled
The Wounded Kings,United Kingdom,backfilled
Theatre Of Tragedy,Norway,backfilled
Thee Oh Sees,,needs manual review
Thelemite,Greece,backfilled
Thenighttimeproject,Sweden,backfilled
Thief,United Kingdom,backfilled
Thievery Corporation,United States,backfilled
Thin Lizzy,Ireland,backfilled
Third Eye Blind,United States,backfilled
This Death,,needs manual review
This Empty Flow,Finland,backfilled
Thomas Newman,United States,backfilled
Those Who Ride With Giants,Australia,backfilled
Thou,United States,backfilled
Threshold,United Kingdom,backfilled
Throes Of Dawn,Finland,backfilled
Thulsa Doom,Norway,backfilled
Thy Catafalque,Hungary,backfilled
Tiamat,Sweden,backfilled
Tid,Sweden,backfilled
Tides From Nebula,Poland,backfilled
Tiger Army,United States,backfilled
Tiger Lou,Sweden,backfilled
Tingvall Trio,Germany,backfilled
To/Die/For,Finland,backfilled
Toasty,United Kingdom,backfilled
TodoMal,Spain,backfilled
Tom Waits,United States,backfilled
Tomahawk,United States,backfilled
Tomer Damsky,,needs manual review
Tomorrow's Gift,Germany,backfilled
Tony Iommi,United Kingdom,backfilled
Tony MacAlpine,United States,backfilled
Tony Tears,Italy,backfilled
TOOL,United States,backfilled
Torche,United States,backfilled
Totalselfhatred,Finland,backfilled
TOTO,United States,backfilled
Toussaint McCall,United States,backfilled
Towers Of Jupiter,Canada,backfilled
TOŃ,Netherlands,backfilled
Traffic,United Kingdom,backfilled
Trees of Eternity,Europe,backfilled
Tribulation,Sweden,backfilled
Triptykon,Switzerland,backfilled
Tristania,Norway,backfilled
Triumph,Canada,backfilled
Trollheim,Germany,backfilled
Träd Gräs Och Stenar,Sweden,backfilled
Träden,,needs manual review
Tsjuder,Norway,backfilled
Tuber,Greece,backfilled
Turtle,United Kingdom,backfilled
Tusmørke,Norway,backfilled
Ty Segall,United States,backfilled
Type O Negative,United States,backfilled
Týr,Faroe Islands,backfilled
U.K.,United Kingdom,backfilled
Uada,United States,backfilled
Ufomammut,Italy,backfilled
Ukć,Poland,backfilled
Ulthar,United States,backfilled
Ulver,Norway,backfilled
Umbersound,United States,backfilled
Uncle Acid & The Deadbeats,United Kingdom,backfilled
Undertheskin,Poland,backfilled
Unearthly Trance,United States,backfilled
Ungfell,Switzerland,backfilled
Unni Løvlid,Norway,backfilled
Unto Others,United States,backfilled
Urfaust,Netherlands,backfilled
Uriah Heep,United Kingdom,backfilled
Usnea,United States,backfilled
V:28,Norway,backfilled
Valkyrja,Sweden,backfilled
VALLEY OF THE SLUTS,Germany,backfilled
Van Der Graaf Generator,United Kingdom,backfilled
Van Zant,United States,backfilled
Vananidr,Sweden,backfilled
Vanessa Funke,Germany,backfilled
Vanhelga,Sweden,backfilled
Vanilla Fudge,United States,backfilled
Vast,United States,backfilled
VED,Sweden,backfilled
Ved Buens Ende,Norway,backfilled
Vehje,Finland,backfilled
Vemod,Norway,backfilled
Venom,United Kingdom,backfilled
Verbal Abuse,United States,backfilled
Vessel,United Kingdom,backfilled
VHS Dreams,United Kingdom,backfilled
Victor Peraino,,needs manual review
Villagers of Ioannina City,Greece,backfilled
Ville Valo,Finland,backfilled
Vinnum Sabbathi,Mexico,backfilled
Violet Cold,Azerbaijan,backfilled
Viral,Sweden,backfilled
Visions,Canada,backfilled
Vjaceslav Grochovskij,,needs manual review
Vladimir Frith,,needs manual review
Vladimir Martynov,Russia,backfilled
Vladimir Spivakov,Russia,backfilled
Voicians,Germany,backfilled
Void Vision,United States,backfilled
Voivod,Canada,backfilled
Vokonis,Sweden,backfilled
VOLA,Denmark,backfilled
Volkor X,France,backfilled
Voskresenie,,needs manual review
Vulkan,Sweden,backfilled
Vultures Vengeance,Italy,backfilled
Vàli,Norway,backfilled
Wanda Jackson,United States,backfilled
Wardruna,Norway,backfilled
Warning,United States,backfilled
Wax Poetic,United States,backfilled
We Lost The Sea,Australia,backfilled
Weald & Woe,United States,backfilled
Weedeater,United States,backfilled
Weedpecker,Poland,backfilled
Westhead,,needs manual review
Where Mermaids Drown,France,backfilled
While Heaven Wept,United States,backfilled
Whiplash,United States,backfilled
Whirr,United States,backfilled
Whispering Void,Norway,backfilled
White Noise,United Kingdom,backfilled
White Noise for Babies,,needs manual review
White Noise Sleep Sounds,,needs manual review
Whitesnake,United Kingdom,backfilled
Wigwam,Finland,backfilled
Wildernessking,South Africa,backfilled
Wind & Fire,United States,backfilled
Windhand,United States,backfilled
Windir,Norway,backfilled
Windows 96,,needs manual review
Winterfylleth,United Kingdom,backfilled
Winterhawk,United States,backfilled
Wishbone Ash,United Kingdom,backfilled
Witchcraft,Sweden,backfilled
Witchrot,Canada,backfilled
Witchtower,Germany,backfilled
Wodensthrone,United Kingdom,backfilled
Wolf People,United Kingdom,backfilled
Wolvennest,Belgium,backfilled
Wolves In The Throne Room,United States,backfilled
Worm,United States,backfilled
Wovenhand,United States,backfilled
Writhen Hilt,Germany,backfilled
Wulkanaz,Sweden,backfilled
Wyatt E.,Belgium,backfilled
Wytch Hazel,United Kingdom,backfilled
XIV Dark Centuries,Germany,backfilled
Xorsist,Sweden,backfilled
XTC,United Kingdom,backfilled
Year Of No Light,France,backfilled
Yellow Eyes,United States,backfilled
Yersin,United Kingdom,backfilled
Yes,United Kingdom,backfilled
Yngwie Malmsteen,Sweden,backfilled
YOB,United States,backfilled
Yogi Lang,Germany,backfilled
Your Funeral,United States,backfilled
Zemial,Greece,backfilled
Zenith Maudlin,Turkey,backfilled
Zetra,United Kingdom,backfilled
Zoanoids,,needs manual review
Zoran Dukic,Croatia,backfilled
ZZ Top,United States,backfilled
Ævestaden,Norway,backfilled
Ólafur Arnalds,Iceland,backfilled
Øresund Space Collective,Denmark,backfilled
Üga Büga,United States,backfilled
Černá,United States,backfilled
ΛΔΛΜ,Greece,backfilled
"Алексей Романов и Группа ""Воскресенье""",,needs manual review
Аркадий Пикунов,,needs manual review
Во скорбях,,needs manual review
Дрыгва,Belarus,backfilled
Ермак!,Russia,backfilled
Комонь,,needs manual review
Мужской вокальный ансамбль «Валаам»,,needs manual review
Павел Паньковский,,needs manual review
Сруб,Russia,backfilled
